observation_date,COLCPALTT01IXOBM
1970-01-01,0.130527
1970-02-01,0.130527
1970-03-01,0.130527
1970-04-01,0.1386849
1970-05-01,0.1386849
1970-06-01,0.1386849
1970-07-01,0.1386849
1970-08-01,0.1386849
1970-09-01,0.1386849
1970-10-01,0.1386849
1970-11-01,0.1386849
1970-12-01,0.1386849
1971-01-01,0.1468429
1971-02-01,0.1468429
1971-03-01,0.1468429
1971-04-01,0.1468429
1971-05-01,0.1468429
1971-06-01,0.1550007999999999
1971-07-01,0.1550007999999999
1971-08-01,0.1550007999999999
1971-09-01,0.1550007999999999
1971-10-01,0.1550007999999999
1971-11-01,0.1631587999999999
1971-12-01,0.1631587999999999
1972-01-01,0.1631587999999999
1972-02-01,0.1631587999999999
1972-03-01,0.1631587999999999
1972-04-01,0.1713166999999999
1972-05-01,0.1713166999999999
1972-06-01,0.1713166999999999
1972-07-01,0.1713166999999999
1972-08-01,0.1713166999999999
1972-09-01,0.1794746
1972-10-01,0.1794746
1972-11-01,0.1794746
1972-12-01,0.1794746
1973-01-01,0.1876326
1973-02-01,0.1876326
1973-03-01,0.1957905
1973-04-01,0.2039484
1973-05-01,0.2121063999999998
1973-06-01,0.2121063999999998
1973-07-01,0.2202643
1973-08-01,0.2121063999999998
1973-09-01,0.2202643
1973-10-01,0.2202643
1973-11-01,0.2284222999999999
1973-12-01,0.2284222999999999
1974-01-01,0.2365801999999999
1974-02-01,0.2365801999999999
1974-03-01,0.2447380999999999
1974-04-01,0.2528961
1974-05-01,0.261054
1974-06-01,0.261054
1974-07-01,0.261054
1974-08-01,0.261054
1974-09-01,0.2692119
1974-10-01,0.2773699
1974-11-01,0.2855278
1974-12-01,0.2855278
1975-01-01,0.2936858
1975-02-01,0.3018436999999999
1975-03-01,0.3100015999999999
1975-04-01,0.3181595999999998
1975-05-01,0.3263174999999999
1975-06-01,0.3263174999999999
1975-07-01,0.3263174999999999
1975-08-01,0.3263174999999999
1975-09-01,0.3344754999999999
1975-10-01,0.3344754999999999
1975-11-01,0.3344754999999999
1975-12-01,0.3344754999999999
1976-01-01,0.3426333999999999
1976-02-01,0.3507912999999999
1976-03-01,0.3589492
1976-04-01,0.3671072
1976-05-01,0.3752650999999999
1976-06-01,0.3834230999999999
1976-07-01,0.391581
1976-08-01,0.3997389
1976-09-01,0.4078969
1976-10-01,0.4078969
1976-11-01,0.4242127999999998
1976-12-01,0.4242127999999998
1977-01-01,0.4323707
1977-02-01,0.4486865999999999
1977-03-01,0.4731603999999999
1977-04-01,0.5057920999999999
1977-05-01,0.522108
1977-06-01,0.5384239
1977-07-01,0.5465818
1977-08-01,0.5465818
1977-09-01,0.5465818
1977-10-01,0.5465818
1977-11-01,0.5465818
1977-12-01,0.5465818
1978-01-01,0.5547398
1978-02-01,0.5628977
1978-03-01,0.5792136
1978-04-01,0.5873715
1978-05-01,0.6036873999999999
1978-06-01,0.6200033
1978-07-01,0.6200033
1978-08-01,0.6200033
1978-09-01,0.6200033
1978-10-01,0.6363191999999998
1978-11-01,0.6444771
1978-12-01,0.652635
1979-01-01,0.6689509
1979-02-01,0.6852668
1979-03-01,0.7097405999999999
1979-04-01,0.7260564999999999
1979-05-01,0.7423723000000001
1979-06-01,0.7505301999999999
1979-07-01,0.7586881999999999
1979-08-01,0.7750040999999999
1979-09-01,0.79132
1979-10-01,0.7994779
1979-11-01,0.8239517
1979-12-01,0.8321096
1980-01-01,0.8565834999999999
1980-02-01,0.8647414000000001
1980-03-01,0.8810573
1980-04-01,0.913689
1980-05-01,0.9463208
1980-06-01,0.9626366
1980-07-01,0.9707946
1980-08-01,0.9789525
1980-09-01,0.9952684
1980-10-01,1.011584
1980-11-01,1.036058
1980-12-01,1.052374
1981-01-01,1.076848
1981-02-01,1.10948
1981-03-01,1.133953
1981-04-01,1.166585
1981-05-01,1.191059
1981-06-01,1.223691
1981-07-01,1.248164
1981-08-01,1.2644799999999998
1981-09-01,1.272638
1981-10-01,1.288954
1981-11-01,1.313428
1981-12-01,1.329744
1982-01-01,1.354218
1982-02-01,1.386849
1982-03-01,1.419481
1982-04-01,1.452113
1982-05-01,1.492903
1982-06-01,1.525534
1982-07-01,1.54185
1982-08-01,1.566324
1982-09-01,1.590798
1982-10-01,1.615272
1982-11-01,1.639745
1982-12-01,1.647903
1983-01-01,1.664219
1983-02-01,1.688693
1983-03-01,1.721325
1983-04-01,1.77843
1983-05-01,1.81922
1983-06-01,1.835536
1983-07-01,1.851852
1983-08-01,1.851852
1983-09-01,1.86001
1983-10-01,1.892642
1983-11-01,1.917115
1983-12-01,1.925273
1984-01-01,1.949747
1984-02-01,1.974221
1984-03-01,2.015011
1984-04-01,2.0558
1984-05-01,2.080274
1984-06-01,2.112906
1984-07-01,2.13738
1984-08-01,2.145538
1984-09-01,2.170012
1984-10-01,2.186327
1984-11-01,2.227117
1984-12-01,2.276065
1985-01-01,2.325012
1985-02-01,2.398434
1985-03-01,2.471855
1985-04-01,2.537119
1985-05-01,2.659488
1985-06-01,2.708435
1985-07-01,2.692119
1985-08-01,2.675804
1985-09-01,2.700277
1985-10-01,2.724751
1985-11-01,2.749225
1985-12-01,2.7900150000000004
1986-01-01,2.871594
1986-02-01,2.961331
1986-03-01,3.034753
1986-04-01,3.116332
1986-05-01,3.091858
1986-06-01,3.067384
1986-07-01,3.067384
1986-08-01,3.108174
1986-09-01,3.157122
1986-10-01,3.222385
1986-11-01,3.287649
1986-12-01,3.369228
1987-01-01,3.483439
1987-02-01,3.548703
1987-03-01,3.646598000000001
1987-04-01,3.728178
1987-05-01,3.793441000000001
1987-06-01,3.826073000000001
1987-07-01,3.883178
1987-08-01,3.899494
1987-09-01,3.948442
1987-10-01,4.021863
1987-11-01,4.103443
1987-12-01,4.176864
1988-01-01,4.307391
1988-02-01,4.478708
1988-03-01,4.609235
1988-04-01,4.78871
1988-05-01,4.870289
1988-06-01,4.992658
1988-07-01,5.057921
1988-08-01,5.049763
1988-09-01,5.090553
1988-10-01,5.163975
1988-11-01,5.237396
1988-12-01,5.359765
1989-01-01,5.506608
1989-02-01,5.694241000000001
1989-03-01,5.832925
1989-04-01,5.979768
1989-05-01,6.085822
1989-06-01,6.167401
1989-07-01,6.265296
1989-08-01,6.346876
1989-09-01,6.436613
1989-10-01,6.5426660000000005
1989-11-01,6.656877000000001
1989-12-01,6.754772
1990-01-01,6.975037
1990-02-01,7.236091
1990-03-01,7.448197
1990-04-01,7.652145
1990-05-01,7.807146999999999
1990-06-01,7.953989
1990-07-01,8.060042
1990-08-01,8.19057
1990-09-01,8.38636
1990-10-01,8.549519
1990-11-01,8.720836
1990-12-01,8.9411
1991-01-01,9.210312
1991-02-01,9.528471
1991-03-01,9.765052
1991-04-01,10.04242
1991-05-01,10.26269
1991-06-01,10.42584
1991-07-01,10.61348
1991-08-01,10.744
1991-09-01,10.90716
1991-10-01,11.04585
1991-11-01,11.18453
1991-12-01,11.33953
1992-01-01,11.73927
1992-02-01,12.13085
1992-03-01,12.40822
1992-04-01,12.76717
1992-05-01,13.06086
1992-06-01,13.35454
1992-07-01,13.62376
1992-08-01,13.72165
1992-09-01,13.83586
1992-10-01,13.95823
1992-11-01,14.05613
1992-12-01,14.19481
1993-01-01,14.65166
1993-02-01,15.12482
1993-03-01,15.41034
1993-04-01,15.71219
1993-05-01,15.96508
1993-06-01,16.20982
1993-07-01,16.41377
1993-08-01,16.617720000000002
1993-09-01,16.80535
1993-10-01,16.98483
1993-11-01,17.20509
1993-12-01,17.400879999999997
1994-01-01,17.94746
1994-02-01,18.60826
1994-03-01,19.02431
1994-04-01,19.473
1994-05-01,19.77484
1994-06-01,19.95432
1994-07-01,20.13379
1994-08-01,20.32958
1994-09-01,20.558000000000003
1994-10-01,20.78642
1994-11-01,21.01485
1994-12-01,21.33301
1995-01-01,21.72459
1995-02-01,22.49143
1995-03-01,23.07881
1995-04-01,23.59276
1995-05-01,23.98434
1995-06-01,24.27802
1995-07-01,24.46565
1995-08-01,24.62066
1995-09-01,24.83276
1995-10-01,25.05303
1995-11-01,25.24882
1995-12-01,25.4854
1996-01-01,26.12172
1996-02-01,27.174090000000003
1996-03-01,27.74515
1996-04-01,28.29173
1996-05-01,28.73226
1996-06-01,29.05857
1996-07-01,29.4991
1996-08-01,29.82542
1996-09-01,30.18437
1996-10-01,30.527
1996-11-01,30.77174
1996-12-01,31.00016
1997-01-01,31.51411
1997-02-01,32.49306
1997-03-01,32.99886
1997-04-01,33.53728
1997-05-01,34.07571
1997-06-01,34.49176
1997-07-01,34.77729
1997-08-01,35.17703
1997-09-01,35.61756
1997-10-01,35.960190000000004
1997-11-01,36.25388
1997-12-01,36.4823
1998-01-01,37.13493
1998-02-01,38.35046
1998-03-01,39.35389
1998-04-01,40.496
1998-05-01,41.12416
1998-06-01,41.62996
1998-07-01,41.82574
1998-08-01,41.84206
1998-09-01,41.96443
1998-10-01,42.11127
1998-11-01,42.1847
1998-12-01,42.56812
1999-01-01,43.51444
1999-02-01,44.24865
1999-03-01,44.66471
1999-04-01,45.0155
1999-05-01,45.23576
1999-06-01,45.35814
1999-07-01,45.49682
1999-08-01,45.72524
1999-09-01,45.88024
1999-10-01,46.03524
1999-11-01,46.25551
1999-12-01,46.500240000000005
2000-01-01,47.10393
2000-02-01,48.18894
2000-03-01,49.012890000000006
2000-04-01,49.50237
2000-05-01,49.75526
2000-06-01,49.7471
2000-07-01,49.73079
2000-08-01,49.88579
2000-09-01,50.0979
2000-10-01,50.17132
2000-11-01,50.34263
2000-12-01,50.57106
2001-01-01,51.10132
2001-02-01,52.07212
2001-03-01,52.83896
2001-04-01,53.44265
2001-05-01,53.67106999999999
2001-06-01,53.69555
2001-07-01,53.75265
2001-08-01,53.89133
2001-09-01,54.08713
2001-10-01,54.193180000000005
2001-11-01,54.25029
2001-12-01,54.43792
2002-01-01,54.87029
2002-02-01,55.56371
2002-03-01,55.9553
2002-04-01,56.46925
2002-05-01,56.80372
2002-06-01,57.04846
2002-07-01,57.05662
2002-08-01,57.11372
2002-09-01,57.31766999999999
2002-10-01,57.64399
2002-11-01,58.08451
2002-12-01,58.24768
2003-01-01,58.92479
2003-02-01,59.58558000000001
2003-03-01,60.20558
2003-04-01,60.89901
2003-05-01,61.19269
2003-06-01,61.16006
2003-07-01,61.07032
2003-08-01,61.26611
2003-09-01,61.39664
2003-10-01,61.437430000000006
2003-11-01,61.64954
2003-12-01,62.0248
2004-01-01,62.57138
2004-02-01,63.32191
2004-03-01,63.95007
2004-04-01,64.2356
2004-05-01,64.48034
2004-06-01,64.87191999999999
2004-07-01,64.85561
2004-08-01,64.87191999999999
2004-09-01,65.06770999999999
2004-10-01,65.05956
2004-11-01,65.23903
2004-12-01,65.43481
2005-01-01,65.97324
2005-02-01,66.65035
2005-03-01,67.1643
2005-04-01,67.45798
2005-05-01,67.73536
2005-06-01,68.00457
2005-07-01,68.0372
2005-08-01,68.0372
2005-09-01,68.33089
2005-10-01,68.48589
2005-11-01,68.56747
2005-12-01,68.60825
2006-01-01,68.98352
2006-02-01,69.43221
2006-03-01,69.92168000000001
2006-04-01,70.23985
2006-05-01,70.46826999999999
2006-06-01,70.68037
2006-07-01,70.97406
2006-08-01,71.25143
2006-09-01,71.45538
2006-10-01,71.34931999999999
2006-11-01,71.52064
2006-12-01,71.6838
2007-01-01,72.23038000000001
2007-02-01,73.0788
2007-03-01,73.96801999999998
2007-04-01,74.62881
2007-05-01,74.85724
2007-06-01,74.94698000000001
2007-07-01,75.06933999999998
2007-08-01,74.97145
2007-09-01,75.02854999999998
2007-10-01,75.03671
2007-11-01,75.39565999999996
2007-12-01,75.76276
2008-01-01,76.56225
2008-02-01,77.72067
2008-03-01,78.34883
2008-04-01,78.90357
2008-05-01,79.63778999999998
2008-06-01,80.33121
2008-07-01,80.71464
2008-08-01,80.86964
2008-09-01,80.71464
2008-10-01,80.992
2008-11-01,81.22043000000002
2008-12-01,81.57938
2009-01-01,82.06069000000002
2009-02-01,82.74595999999998
2009-03-01,83.16202
2009-04-01,83.42306999999998
2009-05-01,83.43938
2009-06-01,83.39044
2009-07-01,83.35779999999998
2009-08-01,83.3986
2009-09-01,83.30885999999998
2009-10-01,83.19464999999998
2009-11-01,83.1457
2009-12-01,83.21097
2010-01-01,83.78202
2010-02-01,84.47544
2010-03-01,84.68755
2010-04-01,85.07913
2010-05-01,85.16887
2010-06-01,85.26675999999999
2010-07-01,85.22598
2010-08-01,85.32387
2010-09-01,85.20966
2010-10-01,85.13624
2010-11-01,85.29939
2010-12-01,85.85412999999998
2011-01-01,86.62914
2011-02-01,87.15125
2011-03-01,87.38783000000002
2011-04-01,87.49388
2011-05-01,87.73861999999998
2011-06-01,88.02415
2011-07-01,88.14650999999996
2011-08-01,88.11388000000002
2011-09-01,88.39126
2011-10-01,88.55441
2011-11-01,88.67678000000002
2011-12-01,89.05204999999998
2012-01-01,89.70468000000001
2012-02-01,90.25127
2012-03-01,90.35732
2012-04-01,90.48785
2012-05-01,90.75706
2012-06-01,90.83864
2012-07-01,90.81416
2012-08-01,90.85495
2012-09-01,91.11600000000001
2012-10-01,91.26285
2012-11-01,91.14048
2012-12-01,91.22206000000001
2013-01-01,91.49127
2013-02-01,91.89917
2013-03-01,92.0868
2013-04-01,92.31522
2013-05-01,92.57628
2013-06-01,92.79654
2013-07-01,92.83733
2013-08-01,92.91075
2013-09-01,93.18813
2013-10-01,92.94338
2013-11-01,92.73943
2013-12-01,92.98418
2014-01-01,93.44102
2014-02-01,94.02839
2014-03-01,94.3955
2014-04-01,94.82787
2014-05-01,95.29287
2014-06-01,95.37445
2014-07-01,95.52129
2014-08-01,95.71708
2014-09-01,95.84761
2014-10-01,96.00261
2014-11-01,96.13314
2014-12-01,96.38603
2015-01-01,97.00603
2015-02-01,98.12367
2015-03-01,98.69473
2015-04-01,99.225
2015-05-01,99.48605
2015-06-01,99.5921
2015-07-01,99.77974
2015-08-01,100.2611
2015-09-01,100.979
2015-10-01,101.6642
2015-11-01,102.2761
2015-12-01,102.9124
2016-01-01,104.2421
2016-02-01,105.5719
2016-03-01,106.5671
2016-04-01,107.0974
2016-05-01,107.644
2016-06-01,108.1579
2016-07-01,108.7208
2016-08-01,108.3782
2016-09-01,108.3211
2016-10-01,108.2558
2016-11-01,108.3782
2016-12-01,108.8269
2017-01-01,109.9445
2017-02-01,111.0458
2017-03-01,111.568
2017-04-01,112.0901
2017-05-01,112.343
2017-06-01,112.4735
2017-07-01,112.4164
2017-08-01,112.5714
2017-09-01,112.6203
2017-10-01,112.6366
2017-11-01,112.8406
2017-12-01,113.273
2018-01-01,113.9827
2018-02-01,114.7903
2018-03-01,115.0677
2018-04-01,115.598
2018-05-01,115.8917
2018-06-01,116.0711
2018-07-01,115.9243
2018-08-01,116.063
2018-09-01,116.2506
2018-10-01,116.3893
2018-11-01,116.528
2018-12-01,116.8788
2019-01-01,117.5783
2019-02-01,118.2541
2019-03-01,118.7677
2019-04-01,119.3567
2019-05-01,119.7323
2019-06-01,120.0524
2019-07-01,120.3153
2019-08-01,120.4171
2019-09-01,120.6922
2019-10-01,120.8836
2019-11-01,121.0105
2019-12-01,121.3252
2020-01-01,121.8374
2020-02-01,122.6533
2020-03-01,123.3468
2020-04-01,123.5404
2020-05-01,123.1469
2020-06-01,122.6837
2020-07-01,122.6854
2020-08-01,122.6787
2020-09-01,123.0668
2020-10-01,122.9969
2020-11-01,122.8129
2020-12-01,123.2791
2021-01-01,123.7834
2021-02-01,124.5705
2021-03-01,125.2051
2021-04-01,125.9467
2021-05-01,127.2054
2021-06-01,127.1429
2021-07-01,127.5561
2021-08-01,128.1269
2021-09-01,128.6173
2021-10-01,128.6345
2021-11-01,129.2716
2021-12-01,130.2106
2022-01-01,132.3796
2022-02-01,134.5426
2022-03-01,135.8824
2022-04-01,137.5767
2022-05-01,138.7389
2022-06-01,139.4425
2022-07-01,140.5743
2022-08-01,142.0107
2022-09-01,143.3309
2022-10-01,144.3559
2022-11-01,145.4712
2022-12-01,147.2975
2023-01-01,149.9225
2023-02-01,152.4085
2023-03-01,154.015
2023-04-01,155.218
2023-05-01,155.8874
2023-06-01,156.3564
2023-07-01,157.1409
2023-08-01,158.2387
2023-09-01,159.0892
2023-10-01,159.4824
2023-11-01,160.2346
2023-12-01,160.9609
2024-01-01,162.4359
2024-02-01,164.2009
2024-03-01,165.3546
2024-04-01,166.3367
2024-05-01,167.0441
2024-06-01,167.5866
2024-07-01,167.9208
2024-08-01,167.9236
2024-09-01,168.3304
2024-10-01,168.1042
2024-11-01,168.5625
2024-12-01,169.3358
2025-01-01,170.9199
2025-02-01,172.8651
2025-03-01,173.7712
2025-04-01,174.9235
